<?xml version="1.0" encoding="utf-8"?>
<!DOCTYPE direcciones_de_empresa>
    <directorio>
        <edificio1>
        <direccion></direccion>
        <num_plantas></num_plantas>
        <num_cuadrados></num_cuadrados>
            <planta1>
                <empleado1>
                    <puesto></puesto>
                    <datos></datos>
                    <extension_telefonica></extension_telefonica>
                </empleado1>
                <empleado2>
                    <puesto></puesto>
                    <datos></datos>
                    <extension_telefonica></extension_telefonica>
                </empleado2>
                <empleado3>
                    <puesto></puesto>
                    <datos></datos>
                    <extension_telefonica></extension_telefonica>
                </empleado3>
                <empleado4>
                    <puesto></puesto>
                    <datos></datos>
                    <extension_telefonica></extension_telefonica>
                </empleado4>
                <empleado5>
                    <puesto></puesto>
                    <datos></datos>
                    <extension_telefonica></extension_telefonica>
                </empleado5>
            </planta1>
            <planta3>
                <empleado1>
                    <puesto></puesto>
                    <datos></datos>
                    <extension_telefonica></extension_telefonica>
                </empleado1>
                <empleado2>
                    <puesto></puesto>
                    <datos></datos>
                    <extension_telefonica></extension_telefonica>
                </empleado2>
                <empleado3>
                    <puesto></puesto>
                    <datos></datos>
                    <extension_telefonica></extension_telefonica>
                </empleado3>
                <empleado4>
                    <puesto></puesto>
                    <datos></datos>
                    <extension_telefonica></extension_telefonica>
                </empleado4>
                <empleado5>
                    <puesto></puesto>
                    <datos></datos>
                    <extension_telefonica></extension_telefonica>
                </empleado5>
                </planta1>

                <planta2>
                <empleado1>
                    <puesto></puesto>
                    <datos></datos>
                    <extension_telefonica></extension_telefonica>
                </empleado1>
                <empleado2>
                    <puesto></puesto>
                    <datos></datos>
                    <extension_telefonica></extension_telefonica>
                </empleado2>
                <empleado3>
                    <puesto></puesto>
                    <datos></datos>
                    <extension_telefonica></extension_telefonica>
                </empleado3>
                <empleado4>
                    <puesto></puesto>
                    <datos></datos>
                    <extension_telefonica></extension_telefonica>
                </empleado4>
                <empleado5>
                    <puesto></puesto>
                    <datos></datos>
                    <extension_telefonica></extension_telefonica>
                </empleado5>
                </planta3>
            </edificio1>

            <edificio2>
        <direccion></direccion>
        <num_plantas></num_plantas>
        <num_cuadrados></enum_cuadrados>
            <planta1>
                <empleado1>
                    <puesto></puesto>
                    <datos></datos>
                    <extension_telefonica></extension_telefonica>
                </empleado1>
                <empleado2>
                    <puesto></puesto>
                    <datos></datos>
                    <extension_telefonica></extension_telefonica>
                </empleado2>
                <empleado3>
                    <puesto></puesto>
                    <datos></datos>
                    <extension_telefonica></extension_telefonica>
                </empleado3>
                <empleado4>
                    <puesto></puesto>
                    <datos></datos>
                    <extension_telefonica></extension_telefonica>
                </empleado4>
                <empleado5>
                    <puesto></puesto>
                    <datos></datos>
                    <extension_telefonica></extension_telefonica>
                </empleado5>
            </planta1>
            <planta3>
                <empleado1>
                    <puesto></puesto>
                    <datos></datos>
                    <extension_telefonica></extension_telefonica>
                </empleado1>
                <empleado2>
                    <puesto></puesto>
                    <datos></datos>
                    <extension_telefonica></extension_telefonica>
                </empleado2>
                <empleado3>
                    <puesto></puesto>
                    <datos></datos>
                    <extension_telefonica></extension_telefonica>
                </empleado3>
                <empleado4>
                    <puesto></puesto>
                    <datos></datos>
                    <extension_telefonica></extension_telefonica>
                </empleado4>
                <empleado5>
                    <puesto></puesto>
                    <datos></datos>
                    <extension_telefonica></extension_telefonica>
                </empleado5>
                </planta2>

                            <planta2>
                <empleado1>
                    <puesto></puesto>
                    <datos></datos>
                    <extension_telefonica></extension_telefonica>
                </empleado1>
                <empleado2>
                    <puesto></puesto>
                    <datos></datos>
                    <extension_telefonica></extension_telefonica>
                </empleado2>
                <empleado3>
                    <puesto></puesto>
                    <datos></datos>
                    <extension_telefonica></extension_telefonica>
                </empleado3>
                <empleado4>
                    <puesto></puesto>
                    <datos></datos>
                    <extension_telefonica></extension_telefonica>
                </empleado4>
                <empleado5>
                    <puesto></puesto>
                    <datos></datos>
                    <extension_telefonica></extension_telefonica>
                </empleado5>
                </planta3>
            </edificio2>

        <edificio3>
        <direccion></direccion>
        <num_plantas></num_plantas>
        <num_cuadrados></enum_cuadrados>
            <planta1>
                <empleado1>
                    <puesto></puesto>
                    <datos></datos>
                    <extension_telefonica></extension_telefonica>
                </empleado1>
                <empleado2>
                    <puesto></puesto>
                    <datos></datos>
                    <extension_telefonica></extension_telefonica>
                </empleado2>
                <empleado3>
                    <puesto></puesto>
                    <datos></datos>
                    <extension_telefonica></extension_telefonica>
                </empleado3>
                <empleado4>
                    <puesto></puesto>
                    <datos></datos>
                    <extension_telefonica></extension_telefonica>
                </empleado4>
                <empleado5>
                    <puesto></puesto>
                    <datos></datos>
                    <extension_telefonica></extension_telefonica>
                </empleado5>
            </planta1>
            <planta3>
                <empleado1>
                    <puesto></puesto>
                    <datos></datos>
                    <extension_telefonica></extension_telefonica>
                </empleado1>
                <empleado2>
                    <puesto></puesto>
                    <datos></datos>
                    <extension_telefonica></extension_telefonica>
                </empleado2>
                <empleado3>
                    <puesto></puesto>
                    <datos></datos>
                    <extension_telefonica></extension_telefonica>
                </empleado3>
                <empleado4>
                    <puesto></puesto>
                    <datos></datos>
                    <extension_telefonica></extension_telefonica>
                </empleado4>
                <empleado5>
                    <puesto></puesto>
                    <datos></datos>
                    <extension_telefonica></extension_telefonica>
                </empleado5>
                </planta2>

                            <planta2>
                <empleado1>
                    <puesto></puesto>
                    <datos></datos>
                    <extension_telefonica></extension_telefonica>
                </empleado1>
                <empleado2>
                    <puesto></puesto>
                    <datos></datos>
                    <extension_telefonica></extension_telefonica>
                </empleado2>
                <empleado3>
                    <puesto></puesto>
                    <datos></datos>
                    <extension_telefonica></extension_telefonica>
                </empleado3>
                <empleado4>
                    <puesto></puesto>
                    <datos></datos>
                    <extension_telefonica></extension_telefonica>
                </empleado4>
                <empleado5>
                    <puesto></puesto>
                    <datos></datos>
                    <extension_telefonica></extension_telefonica>
                </empleado5>
                </planta3>
            </edificio3>

