<?xml version="1.0" encoding="UTF-8"?>
<!DOCTYPE tiendas>
<tiendas>
    <tienda1>
        <nombre>Adidas</nombre>
        <parcela_que_ocupa>1</parcela_que_ocupa>
        <metros_cuadrados>20</metros_cuadrados>
        <contacto_encargado>
            <nombre>David</nombre>
            <apellido>Fernandez</apellido>
            <telefono_contacto>343546767</telefono_contacto>
            <nss>433457677</nss>
        </contacto_encargado>
    </tienda1>
    <tienda2>
        <nombre>jd</nombre>
        <parcela_que_ocupa>1</parcela_que_ocupa>
        <metros_cuadrados>12</metros_cuadrados>
        <contacto_encargado>
            <nombre>Manuel</nombre>
            <apellido>Perez</apellido>
            <telefono_contacto>2324566</telefono_contacto>
            <nss>545455666</nss>
        </contacto_encargado>
    </tienda2>
    <tienda3>
        <nombre>Burger king</nombre>
        <parcela_que_ocupa>1</parcela_que_ocupa>
        <metros_cuadrados>15</metros_cuadrados>
        <contacto_encargado>
            <nombre>Nuria</nombre>
            <apellido>Naranjo</apellido>
            <telefono_contacto>54565778</telefono_contacto>
            <nss>43455666</nss>
        </contacto_encargado>
    </tienda3>
    <tienda4>
        <nombre>McDonals</nombre>
        <parcela_que_ocupa>1</parcela_que_ocupa>
        <metros_cuadrados>17</metros_cuadrados>
        <contacto_encargado>
            <nombre>Silvia</nombre>
            <apellido>Diaz</apellido>
            <telefono_contacto>32456677</telefono_contacto>
            <nss>545664666</nss>
        </contacto_encargado>
    </tienda4>
    <tienda5>
        <nombre>HyM</nombre>
        <parcela_que_ocupa>1</parcela_que_ocupa>
        <metros_cuadrados>25</metros_cuadrados>
        <contacto_encargado>
            <nombre>Alba</nombre>
            <apellido>Guerrero</apellido>
            <telefono_contacto>23457788</telefono_contacto>
            <nss>34568956</nss>
        </contacto_encargado>
    </tienda5>
    <tienda6>
        <nombre>Nike</nombre>
        <parcela_que_ocupa>1</parcela_que_ocupa>
        <metros_cuadrados>35</metros_cuadrados>
        <contacto_encargado>
            <nombre>Alejandro</nombre>
            <apellido>Perez</apellido>
            <telefono_contacto>569586856</telefono_contacto>
            <nss>438942598</nss>
        </contacto_encargado>
    </tienda6>
    <tienda7>
        <nombre>Decimas</nombre>
        <parcela_que_ocupa>1</parcela_que_ocupa>
        <metros_cuadrados>30</metros_cuadrados>
        <contacto_encargado>
            <nombre>Alejandro</nombre>
            <apellido>Lopez</apellido>
            <telefono_contacto>394834839</telefono_contacto>
            <nss>23293872978</nss>
        </contacto_encargado>
    </tienda7>
    <tienda8>
        <nombre>Reebok</nombre>
        <parcela_que_ocupa>1</parcela_que_ocupa>
        <metros_cuadrados>25</metros_cuadrados>
        <contacto_encargado>
            <nombre>Jose</nombre>
            <apellido>Perea</apellido>
            <telefono_contacto>345873573857</telefono_contacto>
            <nss>327427424</nss>
        </contacto_encargado>
    </tienda8>
    <tienda9>
        <nombre>Joma</nombre>
        <parcela_que_ocupa>1</parcela_que_ocupa>
        <metros_cuadrados>28</metros_cuadrados>
        <contacto_encargado>
            <nombre>Daniel</nombre>
            <apellido>Jimenez</apellido>
            <telefono_contacto>2478997</telefono_contacto>
            <nss>78764556</nss>
        </contacto_encargado>
    </tienda9>
    <tienda10>
        <nombre>Kipsta</nombre>
        <parcela_que_ocupa>1</parcela_que_ocupa>
        <metros_cuadrados>23</metros_cuadrados>
        <contacto_encargado>
            <nombre>Pedro</nombre>
            <apellido>Lopez</apellido>
            <telefono_contacto>345839578394</telefono_contacto>
            <nss>294784733</nss>
        </contacto_encargado>
    </tienda10>
</tiendas>