<?xml version="1.0" encoding="utf-8"?>
<!DOCTYPE arboles>
<arboles>
    <arbol>
        <nombre>Arce de Montpellier, Arce menor</nombre>
        <vegetacion>caducifolio</vegetacion>
        <altura>De 6 a 10 metros</altura>
        <Forma_y_estructura>Copa esférica. Tronco principal recto con bifurcaciones. Ramaje colgante</Forma_y_estructura>
        <color_en_primavera>Haz verde brillante, envés verde blanquecino</color_en_primavera>
        <resistencia_a_las_heladas> Heladas fuertes (hasta -15ºC)</resistencia_a_las_heladas>
    </arbol>
    <arbol>
        <nombre>olivo</nombre>
        <vegetacion>perenne</vegetacion>
        <altura> De 8 a 15 metros</altura>
        <forma_y_estructura>Copa irregular. Tronco principal irregular con bifurcaciones</forma_y_estructura>
    </arbol>
    <arbol>
        <color_en_primavera> Haz verde oscuro, envés verde plateado</color_en_primavera>
        <resistencia_a_las_heladas>Heladas medias (hasta -10ºC)</resistencia_a_las_heladas>
    </arbol>
    <arbol>
        <nombre>platano</nombre>
        <vegetacion>caducifolio</vegetacion>
        <altura>De 20 a 25 metros</altura>
        <forma_y_estructura>Copa ovoidal. Tronco principal recto. Ramaje expandido</forma_y_estructura>
        <color_en_primavera>Haz verde medio, enves verde claro</color_en_primavera>
        <color_en_otoño>ocre</color_en_otoño>
        <resistencia_a_las_heladas> Heladas fuertes (hasta -20ºC)</resistencia_a_las_heladas>
    </arbol>
    <arbol>
        <nombre>encina</nombre>
        <vegetacion>perenne</vegetacion>
        <altura>En torno a 25 metros</altura>
        <forma_y_estructura>Copa esférica o elíptica irregular. Tronco principal recto. Ramaje tortuoso</forma_y_estructura>
        <color_en_primavera>Plateado en hojas jóvenes. En hojas antiguas, haz verde oscuro, envés plateado</color_en_primavera>
        <resistencia_a_las_heladas>Heladas fuertes (hasta -15ºC)</resistencia_a_las_heladas>
    </arbol>
</arboles>


