<?xml version="1.0" encoding="utf-8"?>
<!DOCTYPE ciudades>
<ciudades>
  <ciudad>
    <nombre>Nueva Dehli</nombre> 
    <pais continente="India"></pais>
    <continente> Asia</continente>
  </ciudad>

  <ciudad>
    <nombre>Lisboa </nombre>
    <pais continente="Portugal"></pais>
    <continente> Europa</continente>
  </ciudad>

  <ciudad>
    <nombre>El Cairo </nombre>
    <pais continente="Egipto"></pais>
    <continente> Africa</continente>
  </ciudad>
</ciudades>




        
