<?xml version="1.0" encoding="utf-8"?>
<!DOCTYPE hechos_historicos>
<hechos_historicos>
    <hecho descripcion_de_cada_hecho="IBM da conocer el PC">
        <fecha>
            <dia>12</dia> 
            <mes>8</mes>
            <ano> 1981</ano>
        </fecha>
    </hecho>
    <hecho descripcion_de_cada_hecho="Se funda Google.">
        <fecha>
            <dia> 4 </dia>
            <mes> 9</mes>
            <ano> 1998</ano>
        </fecha>
    </hecho>
    <hecho descripcion_de_cada_hecho="Se funda Facebook">
        <fecha>
            <dia> 4 </dia>
            <mes> 2 </mes>
            <año> 2004 </año>
        </fecha>
    </hecho>
</hechos_historicos>
